Temperature,Vibration,Machine_Age,Humidity,RPM,Operating_Hours,Maintenance_Required
76.22,0.359,2.6,60.36,2058.4,3997.0,0
116.55,0.859,2.5,67.8,2572.0,4787.0,0
101.24,1.322,9.1,35.03,2472.4,8560.0,1
91.91,1.125,2.5,57.49,1138.6,3466.0,0
60.92,1.229,2.7,54.3,1128.3,8709.5,0
60.92,1.022,7.6,69.97,1390.0,972.5,0
54.07,1.069,4.5,74.37,1594.4,7790.3,0
110.63,1.289,7.8,20.73,1698.6,8490.7,1
92.08,0.45,0.7,60.44,2295.3,1900.0,0
99.57,0.785,4.9,23.11,924.7,4360.4,0
51.44,0.41,0.3,52.93,876.3,1738.4,0
117.89,1.483,0.6,37.26,1662.2,7095.4,0
108.27,1.422,9.1,38.41,2333.8,5399.9,1
64.86,0.155,1.4,41.18,1225.6,6389.7,0
62.73,1.088,5.3,57.28,2211.3,2045.2,0
62.84,1.395,4.1,40.04,1371.6,2196.3,0
71.3,0.353,3.5,63.96,2749.4,510.8,0
86.73,0.895,9.0,44.27,2770.5,3288.5,0
80.24,1.382,0.2,24.1,1454.0,5641.5,0
70.39,0.148,6.6,67.03,1306.0,8593.6,0
92.83,1.076,9.6,37.15,1704.9,6702.6,0
59.76,0.516,5.6,45.97,1329.2,4410.4,0
70.45,1.394,9.4,61.13,2279.2,9535.9,0
75.65,1.459,0.5,39.95,2617.3,7220.5,0
81.92,1.422,4.2,23.4,2280.8,9308.6,0
104.96,0.764,2.6,42.44,2613.6,5323.1,0
63.98,1.307,7.3,76.67,1673.4,2663.2,0
86.0,1.282,9.8,58.5,1143.9,623.0,0
91.47,0.547,2.6,60.29,2423.5,7288.2,0
53.25,1.26,6.5,57.94,1593.0,1300.9,0
92.53,0.152,2.0,31.94,2276.8,3097.5,0
61.94,0.935,5.7,45.1,1395.4,5371.5,0
54.55,0.422,4.6,65.06,978.7,5687.7,0
116.42,0.269,9.7,26.08,2983.7,6045.8,0
117.59,0.208,6.1,36.67,1143.6,1745.9,0
106.59,1.075,3.5,36.58,2974.5,3859.4,0
71.32,0.576,1.1,45.92,2950.0,6210.2,0
56.84,1.115,1.5,78.82,2546.4,9701.2,0
97.9,0.191,2.3,24.05,2250.7,7303.5,0
80.81,0.541,2.5,51.12,2071.2,9233.8,0
58.54,0.855,8.5,30.76,2705.4,7645.9,0
84.66,1.207,5.6,78.24,1436.8,5958.0,0
52.41,0.546,5.2,26.8,1828.9,2001.0,0
113.65,0.976,1.1,44.22,2162.7,6700.2,0
68.11,1.34,8.6,64.27,1704.6,6271.5,0
96.38,0.962,7.2,62.27,1740.5,6064.4,0
71.82,0.426,0.7,45.36,1526.6,4948.9,0
86.4,0.134,7.1,40.79,2041.3,5333.7,0
88.27,1.318,5.4,43.86,2671.3,3411.0,0
62.94,0.13,0.8,35.86,1243.4,5241.2,0
117.87,1.325,4.6,32.32,2855.8,2055.8,0
104.26,0.841,4.8,48.98,2316.0,8071.2,0
115.76,1.415,1.7,36.11,2611.2,1939.2,0
112.64,1.218,9.5,37.25,2023.6,941.2,1
91.85,1.497,8.5,59.41,2514.9,4418.8,0
114.53,0.591,6.7,78.11,835.6,6617.2,0
56.19,1.174,4.6,56.22,2600.4,4433.4,0
63.72,0.663,4.1,24.62,888.3,2839.9,0
53.17,0.772,6.5,24.54,2757.8,5625.9,0
72.77,0.979,5.5,77.09,2982.3,3535.3,0
77.21,1.323,0.6,37.84,1446.9,9335.4,0
68.99,1.478,5.1,25.52,1262.7,9234.2,0
108.01,1.176,8.1,55.94,2483.8,5073.5,1
74.97,0.685,4.6,57.42,1356.7,3346.1,0
69.67,0.69,0.5,58.91,2704.2,7397.6,0
87.99,1.133,7.9,36.04,1026.3,463.5,0
59.86,0.434,2.0,20.91,1077.1,4800.2,0
106.15,0.255,2.6,77.9,2954.1,3429.6,0
55.22,0.596,1.6,35.05,2282.4,9213.3,0
119.08,0.502,3.3,60.56,2663.2,218.8,0
104.06,0.515,7.6,62.4,1513.5,5572.9,0
63.91,0.427,5.2,56.6,2288.3,7432.6,0
50.39,0.159,2.0,38.77,2107.3,4901.7,0
107.08,0.125,8.8,36.27,2126.9,945.5,0
99.48,1.483,8.8,55.86,2301.6,9727.4,0
101.03,0.699,8.7,71.97,2065.8,5228.3,0
103.99,0.638,2.4,76.8,1743.9,6180.4,0
55.18,1.052,4.5,26.35,1407.0,2442.4,0
75.09,0.406,9.8,29.29,2490.9,4886.6,0
58.11,1.43,7.7,76.68,1297.8,4348.6,0
110.42,1.201,0.3,64.19,2323.2,841.5,0
93.63,0.225,0.7,72.98,1313.3,1151.0,0
73.16,0.685,4.6,32.16,2175.7,8391.0,0
54.45,1.331,9.1,55.26,2443.6,2474.2,0
71.77,1.423,5.4,62.07,1281.2,2030.1,0
72.76,0.754,5.0,60.81,931.9,5098.6,0
101.07,0.959,1.1,44.49,1088.1,7710.6,0
94.63,0.334,6.6,20.92,2133.2,713.3,0
112.1,1.488,8.2,54.98,2668.8,5810.4,1
83.06,0.424,3.8,35.19,899.0,1280.2,0
58.37,1.42,7.8,47.02,2415.1,461.0,0
99.93,1.01,9.6,77.45,1550.9,622.2,0
103.25,0.951,2.0,43.94,1852.8,8358.2,0
89.29,0.818,5.2,70.39,2843.5,1267.9,0
103.97,0.423,2.9,31.31,1530.3,547.0,0
84.57,0.347,7.9,60.35,1823.7,4435.2,0
86.59,0.409,5.8,78.62,830.1,8455.5,0
79.93,0.361,6.3,26.11,979.5,2697.8,0
51.78,1.191,8.0,20.5,1368.9,4275.0,0
57.55,0.59,4.0,46.01,861.3,495.2,0
52.2,0.181,9.2,25.56,2189.0,4545.9,0
94.55,1.457,5.3,64.9,1738.1,5818.4,0
72.0,1.337,1.6,74.87,2005.9,5752.0,0
85.6,1.399,7.0,46.04,1184.2,3391.0,0
113.53,1.493,7.9,35.52,1451.1,3223.8,1
67.45,0.343,3.2,46.06,2260.4,1155.6,0
78.73,0.655,8.6,63.41,2923.7,3731.3,0
102.89,1.162,9.1,20.54,910.9,1085.0,1
66.02,1.074,2.8,55.37,2758.8,7689.3,0
55.39,0.315,9.8,56.8,2069.1,9666.1,0
70.28,1.242,1.4,58.26,2040.6,9703.7,0
61.29,0.414,2.0,34.52,1900.6,8664.2,0
115.08,0.413,1.8,62.84,952.7,6047.8,0
106.57,0.852,8.9,25.48,997.7,7038.6,0
94.34,0.93,6.5,31.96,2122.0,2923.5,0
111.0,0.912,1.5,72.65,1550.1,6344.6,0
106.26,0.228,4.4,64.32,2818.0,4610.9,0
63.06,1.328,6.2,20.82,1694.5,4872.0,0
112.48,0.472,0.8,34.9,1115.2,7602.0,0
87.75,0.281,8.8,32.86,2372.4,2891.0,0
106.52,1.344,8.0,36.25,1445.4,3248.6,1
112.73,1.438,5.1,34.85,1956.0,9254.0,0
72.26,1.307,9.7,23.75,2335.2,656.6,0
57.7,1.233,4.2,47.54,2780.6,4907.8,0
65.96,1.017,9.8,63.96,2542.8,9136.7,0
79.9,0.871,6.7,56.4,2288.0,6142.6,0
107.26,0.222,6.3,60.37,2295.2,5509.4,0
110.25,0.672,1.7,24.87,2881.0,2572.5,0
50.49,0.622,8.8,77.09,1450.8,3498.4,0
85.75,0.464,4.3,70.31,802.4,8535.3,0
79.22,1.113,1.6,68.31,1398.3,5636.3,0
65.55,0.794,0.1,69.38,1279.4,5195.9,0
58.39,0.213,5.6,75.96,2256.0,1085.8,0
73.63,0.408,5.3,52.66,2194.2,258.7,0
116.0,1.057,7.2,32.02,2105.6,9640.5,1
72.62,0.207,8.9,57.01,835.7,3832.2,0
86.32,1.292,0.8,64.57,2403.3,6071.8,0
99.21,0.793,7.3,64.28,1511.8,889.2,0
75.45,0.773,1.9,51.29,2263.1,6862.8,0
118.02,0.929,8.6,24.11,2024.5,9332.4,0
117.37,1.255,8.2,42.27,1554.0,5799.1,1
67.62,0.587,5.4,75.25,1096.1,1348.5,0
84.81,1.049,7.1,55.07,1007.7,5859.0,0
71.06,0.892,3.1,52.3,2629.3,7686.8,0
69.94,0.474,4.7,36.13,2820.5,4123.5,0
52.58,1.33,8.2,42.11,2229.5,8810.4,0
92.67,1.216,4.6,73.72,1027.6,6522.0,0
85.19,1.022,3.6,59.99,1684.5,9002.6,0
53.6,1.291,4.9,67.24,2403.7,6272.7,0
69.51,1.314,8.3,47.26,2515.6,1399.8,0
113.58,1.092,3.4,57.81,1060.1,3165.9,0
66.77,1.272,1.7,34.9,800.1,2097.8,0
60.14,1.076,7.1,62.33,2366.7,9097.4,0
84.26,1.052,8.3,45.66,1584.5,7628.0,0
119.0,0.966,1.0,46.55,1359.9,6796.3,0
66.94,1.154,2.4,58.96,828.4,3079.6,0
97.05,0.322,1.4,76.18,1988.7,1922.0,0
103.31,1.333,3.5,23.84,2672.5,7588.9,0
66.63,1.321,4.5,69.48,2906.8,4794.2,0
100.98,0.141,7.5,37.54,2044.6,2335.3,0
75.74,1.256,6.5,46.64,1931.8,6204.6,0
94.26,0.28,6.2,21.31,987.1,499.3,0
94.35,0.569,3.5,38.06,2007.5,3329.1,0
87.5,1.141,8.4,50.16,1636.0,4738.7,0
56.32,0.325,4.7,23.37,2135.7,1564.8,0
108.47,1.245,9.8,49.47,1655.2,9848.1,1
72.45,1.265,6.3,75.63,1328.7,2170.1,0
63.06,0.81,1.3,26.32,1008.9,1390.5,0
52.85,0.109,6.8,65.87,1492.8,2115.0,0
91.36,0.502,3.3,44.58,1012.6,7713.7,0
97.43,0.964,6.9,59.31,1189.2,4312.5,0
51.16,1.474,0.7,35.61,2972.1,5697.6,0
85.85,0.985,1.7,29.57,1777.0,308.0,0
65.85,0.464,8.6,29.63,1970.1,440.9,0
95.16,0.988,2.3,24.23,2722.0,4513.7,0
62.21,0.856,8.4,31.14,2990.3,8184.9,0
98.37,1.192,2.8,59.85,2082.0,8863.9,0
77.07,0.25,6.4,72.9,2587.4,958.4,0
115.57,1.165,6.9,68.85,1519.3,5429.8,0
59.63,0.858,5.1,61.11,1472.6,9141.0,0
73.87,1.448,3.1,26.63,1685.9,3940.9,0
57.94,0.579,2.1,37.35,2279.5,8312.7,0
114.73,0.986,0.3,38.59,2300.8,1423.6,0
111.41,1.405,3.0,35.0,1493.5,9360.4,0
68.06,0.244,6.5,50.9,1093.1,7539.1,0
96.2,1.412,9.4,52.13,2191.3,9419.2,0
107.21,1.063,8.7,41.41,1082.3,6798.5,1
88.86,0.195,7.7,41.23,2072.7,3697.7,0
87.08,0.521,7.9,69.71,2325.5,9388.0,0
66.93,1.091,6.6,67.36,2341.3,2828.1,0
56.52,0.194,2.6,38.47,2457.6,3388.5,0
112.81,0.915,9.1,74.83,2720.3,7038.0,0
113.03,0.584,6.7,77.17,1899.9,7676.6,0
94.32,0.969,5.6,39.6,2406.5,9301.1,0
73.73,0.164,1.1,41.27,2162.2,2127.5,0
74.44,1.32,4.5,50.34,1210.6,8000.2,0
100.82,1.463,4.6,76.47,856.5,7411.6,0
112.8,1.456,8.6,72.58,1426.0,731.6,1
112.1,1.15,5.5,26.15,1774.7,3933.5,0
104.59,0.282,3.8,43.56,2157.6,2899.4,0
94.94,1.162,9.8,53.2,2669.9,3114.5,0
55.89,0.134,1.1,50.19,1231.7,9831.2,0
61.31,0.131,4.2,31.63,1076.2,6463.5,0
112.9,0.553,0.4,71.53,2919.7,7205.0,0
92.45,0.784,7.4,60.62,1037.7,9768.5,0
50.64,1.179,9.2,70.27,1852.7,3834.3,0
57.1,1.057,2.8,71.53,2088.2,8038.2,0
96.45,0.724,8.6,64.9,1991.0,4401.9,0
50.35,0.483,2.9,46.35,989.3,8708.4,0
61.26,1.496,9.1,56.63,925.5,1888.5,0
88.41,0.697,7.5,29.62,1032.1,9482.1,0
98.43,0.732,8.0,60.42,2088.3,2265.8,0
95.64,0.329,0.2,30.76,1997.6,3329.6,0
65.7,1.213,9.6,61.64,1314.2,7586.3,0
99.85,1.071,7.3,33.78,2203.1,3998.2,0
66.61,0.409,3.0,27.05,2604.1,6121.3,0
72.78,0.215,8.3,29.92,891.5,4501.3,0
102.25,1.053,2.8,20.12,1895.9,7449.5,0
95.47,1.016,8.7,63.12,2316.5,2360.5,0
109.45,0.483,1.1,63.94,1355.1,678.7,0
96.03,1.431,7.0,50.9,1477.1,3069.3,0
89.78,0.311,5.4,29.68,2150.0,4795.7,0
56.56,0.705,1.0,25.01,2775.5,1763.4,0
75.74,1.421,2.4,21.15,2581.8,3612.5,0
68.56,0.688,0.1,29.94,2082.9,4059.8,0
67.08,0.994,4.7,73.45,2406.5,668.2,0
118.11,0.657,3.0,34.49,1602.6,5874.7,0
77.52,0.484,6.0,41.26,2210.1,8855.0,0
112.44,1.478,3.0,26.32,1825.6,1602.3,0
94.18,0.673,3.0,33.34,1217.9,6018.3,0
105.64,1.352,7.4,51.15,2343.8,6680.9,1
85.18,0.422,0.5,56.47,2024.2,4251.4,0
90.38,0.398,9.0,34.72,1589.0,7040.9,0
84.48,0.144,8.5,23.46,2804.9,4166.2,0
63.67,1.012,6.7,43.46,846.1,5095.9,0
100.57,0.616,5.9,34.05,1494.7,172.8,0
69.65,1.31,8.9,33.17,925.1,6948.0,0
51.7,0.762,1.9,77.59,2486.4,6647.3,0
95.18,1.455,0.8,56.98,2344.6,480.2,0
62.4,0.36,2.4,53.41,1529.0,3745.7,0
115.83,1.316,7.9,44.95,2286.5,9792.4,1
116.78,1.187,0.3,45.74,1671.1,4265.3,0
114.04,1.179,5.8,52.45,2463.8,5069.3,0
75.91,1.283,10.0,61.79,1799.2,9108.3,0
51.08,1.165,8.6,62.13,1707.0,7200.9,0
114.98,0.977,5.2,30.3,2856.4,5862.5,0
79.97,0.284,0.6,50.01,1351.9,7998.3,0
117.67,0.146,8.3,44.72,1065.0,8657.2,0
117.45,1.389,6.0,72.23,2086.0,4623.2,0
109.71,0.963,1.1,57.89,2932.5,4803.6,0
70.61,1.215,0.9,51.95,1631.2,3921.9,0
76.96,0.774,9.1,26.92,936.5,9670.4,0
109.58,0.264,6.7,56.34,1546.5,7001.9,0
72.18,0.275,8.3,27.03,1913.0,923.9,0
61.86,1.06,8.8,40.23,1156.2,8643.3,0
88.98,0.702,5.7,28.57,2247.8,4857.5,0
115.53,0.381,5.2,61.52,2995.0,780.7,0
98.72,0.788,4.3,32.38,1793.8,5542.2,0
89.9,0.19,3.2,43.51,1580.4,4229.9,0
56.8,0.915,4.3,73.74,1681.5,8789.7,0
93.05,0.477,7.7,32.26,1053.3,2119.5,0
119.3,1.217,6.0,50.47,2743.2,8282.0,0
59.81,0.535,8.9,45.16,1712.6,5621.1,0
86.28,0.737,4.4,21.09,1652.0,640.6,0
111.42,0.116,6.1,67.57,2251.3,9721.3,0
101.85,0.201,6.3,24.14,1772.5,5174.9,0
98.79,0.649,5.9,48.46,2226.1,2979.7,0
99.17,0.772,7.0,53.64,935.2,4747.1,0
75.16,0.94,2.4,57.71,2590.2,8592.8,0
70.55,0.508,5.1,61.32,2869.1,3118.5,0
106.66,1.073,1.0,35.2,2227.3,2007.5,0
106.71,1.304,3.8,20.6,2900.0,1377.8,0
110.7,1.192,4.9,63.41,1133.2,3048.8,0
113.93,0.155,6.5,52.14,1850.3,7822.5,0
85.79,0.773,9.5,70.17,2124.0,4769.1,0
85.11,0.247,6.0,69.28,2079.8,2352.1,0
105.88,0.439,7.4,70.6,1683.2,1745.2,0
95.5,1.481,5.1,49.11,1543.8,3394.0,0
99.14,0.299,6.3,40.02,1079.0,9405.3,0
105.71,0.798,0.7,67.49,1661.8,3496.0,0
112.3,0.965,2.5,47.08,1157.9,9882.4,0
73.66,1.083,3.6,31.01,2415.6,4903.8,0
76.29,0.884,4.7,71.3,1259.4,1873.7,0
56.58,0.114,0.5,72.95,928.8,8922.3,0
90.48,0.557,1.4,47.98,2015.2,4657.5,0
52.52,0.825,2.8,24.54,2109.5,7125.7,0
82.59,0.223,9.7,43.27,2718.2,9838.7,0
87.99,0.591,3.3,68.21,2069.4,596.7,0
70.06,0.146,4.8,74.11,1560.1,1057.3,0
91.36,0.21,2.0,32.21,2566.6,7232.5,0
52.14,0.656,6.1,24.02,1988.6,2890.1,0
52.61,0.286,2.8,72.64,974.4,1924.6,0
107.58,0.895,2.1,43.36,2044.9,489.7,0
75.21,1.065,5.2,52.51,2797.6,316.3,0
58.89,1.221,0.1,78.08,1671.9,7767.4,0
86.56,0.38,0.1,23.99,1451.9,1430.9,0
103.9,0.334,2.2,58.9,1115.6,4730.4,0
65.11,0.246,0.4,24.45,1133.2,6098.4,0
93.6,0.991,1.1,42.53,1752.1,4340.7,0
55.97,1.089,3.4,68.23,2110.5,368.4,0
53.62,0.144,8.0,46.01,977.4,7856.7,0
87.19,1.411,5.7,79.83,2867.1,204.1,0
87.84,0.173,5.1,53.54,2461.3,7642.7,0
94.62,0.858,2.9,39.27,2090.6,8943.7,0
100.83,1.093,9.3,33.21,2622.6,4385.1,1
118.31,1.319,4.0,41.03,976.4,5401.9,0
86.14,1.1,0.9,42.35,1849.0,4822.1,0
72.61,1.222,6.2,24.12,2186.2,3953.2,0
105.66,0.575,1.1,42.17,2623.0,8885.5,0
68.96,1.241,3.5,47.85,2523.6,8949.9,0
80.73,0.212,5.1,63.36,1409.6,3424.6,0
55.49,1.353,8.7,59.4,2869.9,6189.2,0
51.77,0.867,4.9,62.53,1073.6,9276.4,0
117.39,1.244,7.0,20.5,2725.3,9624.4,0
108.52,0.733,9.9,33.06,2936.1,5138.7,0
98.72,1.001,1.3,59.7,1189.7,4583.0,0
78.63,0.837,2.7,49.04,2388.5,2859.1,0
62.13,1.124,3.9,20.32,888.6,9592.8,0
60.95,0.214,4.2,68.27,1691.9,1513.9,0
67.52,0.184,4.1,66.37,1935.8,5840.3,0
88.45,0.446,9.1,52.91,2077.4,2897.2,0
100.02,0.323,7.1,23.99,2859.1,2862.2,0
96.21,1.32,6.1,65.99,2279.0,4109.2,0
69.6,0.407,3.1,55.02,1858.8,9988.1,0
116.84,1.466,8.2,66.92,2581.3,644.2,1
101.65,0.572,9.6,65.1,2891.2,5827.6,0
88.8,0.355,8.2,68.18,848.5,917.5,0
92.82,1.206,0.0,51.08,2961.5,1629.8,0
79.37,1.022,6.4,28.42,989.5,4451.7,0
67.34,0.797,0.5,60.27,2591.7,5153.6,0
74.92,0.878,2.6,57.23,1416.7,2662.0,0
103.05,1.107,0.6,64.54,1090.8,3232.9,0
51.01,0.42,6.0,30.19,1767.7,961.0,0
58.13,1.495,6.9,31.7,2216.7,3101.9,0
53.22,1.465,1.1,73.42,1638.1,9668.9,0
52.85,1.01,3.8,65.0,920.0,9452.6,0
109.88,0.379,4.6,74.49,2118.8,3415.3,0
99.26,1.052,3.7,65.52,2785.3,5751.5,0
83.19,0.201,1.2,55.83,1643.1,9105.0,0
56.85,0.143,4.2,59.25,1275.9,161.2,0
84.41,0.461,7.5,73.35,1773.7,8125.8,0
83.14,0.748,0.7,54.73,906.4,9488.9,0
62.12,1.316,0.8,57.94,2605.1,1004.1,0
80.37,1.118,3.5,29.39,2617.9,1698.3,0
77.9,1.14,9.4,48.44,2093.6,9611.4,0
93.11,0.696,6.7,62.98,1576.8,5421.6,0
94.46,0.584,6.8,36.26,2559.5,240.5,0
53.17,0.619,3.6,32.14,2020.3,2650.6,0
76.22,1.483,5.9,38.83,2617.1,4554.4,0
93.81,0.156,0.1,34.49,2189.2,6959.8,0
85.22,1.314,6.4,32.89,2525.7,7358.3,0
109.95,0.91,9.1,45.49,2116.8,9954.7,0
96.11,0.714,6.1,74.47,1711.1,2946.4,0
61.41,1.115,8.7,50.42,2907.5,5428.4,0
54.94,0.781,7.2,31.28,1990.5,5379.9,0
94.97,1.323,1.2,24.62,2131.2,4115.9,0
51.86,1.361,9.0,61.77,1285.1,1774.7,0
91.0,0.69,0.7,42.97,2176.4,9776.8,0
115.82,0.488,5.3,69.31,2057.5,8547.8,0
90.28,0.929,1.4,59.57,1206.6,5033.5,0
77.17,1.377,0.1,67.77,931.1,6072.1,0
95.03,0.395,4.2,36.32,2129.6,2349.9,0
82.08,0.972,3.0,61.54,2480.1,5483.5,0
88.19,0.984,4.9,35.84,1951.5,6980.2,0
115.9,1.126,5.8,76.34,1298.9,5200.2,0
77.03,0.284,0.4,58.18,2266.3,9903.8,0
117.28,1.102,1.2,39.47,976.2,6152.3,0
113.37,1.373,5.6,36.17,1772.0,3772.6,0
63.71,0.352,3.4,31.46,1159.4,7744.3,0
54.86,0.433,7.3,61.68,1205.8,1787.6,0
57.05,1.46,6.5,33.12,1245.0,3906.7,0
51.28,0.353,8.5,55.72,1650.8,3534.9,0
56.61,1.296,6.9,35.88,912.5,4374.9,0
97.81,0.789,4.3,59.72,1675.1,7839.6,0
54.98,0.446,6.7,68.9,1925.8,4893.3,0
72.33,1.319,2.8,66.68,1863.2,7960.7,0
109.14,0.723,3.1,65.65,1642.1,5807.2,0
51.63,0.821,7.9,31.26,2646.1,3486.5,0
107.01,0.603,4.5,25.3,1119.7,8118.8,0
69.73,0.93,8.0,61.94,1912.5,2459.1,0
58.27,0.329,8.2,42.1,936.5,2321.4,0
98.77,0.648,8.6,45.94,956.5,5094.6,0
94.03,1.457,9.2,21.87,2062.5,2682.4,0
111.42,0.461,4.3,35.57,2045.2,190.0,0
101.45,1.019,3.2,22.02,2731.7,6518.1,0
106.24,0.555,5.8,72.75,2027.3,5159.8,0
69.74,1.183,3.7,34.6,2911.5,4510.6,0
62.42,0.283,6.0,53.44,907.1,9673.0,0
102.54,1.458,7.1,22.34,1015.6,5754.9,1
106.48,0.735,6.9,60.01,896.9,8648.0,0
119.34,0.43,3.7,39.38,1207.6,1480.6,0
78.88,0.203,1.7,73.88,1990.8,5735.1,0
76.04,0.338,4.3,73.29,2220.3,8693.0,0
104.35,0.828,1.4,39.52,900.3,5872.7,0
73.86,0.572,8.9,74.06,2881.1,7208.3,0
115.15,1.26,3.5,79.77,2652.8,3783.2,0
110.09,0.703,1.5,69.52,1452.5,1015.3,0
80.03,0.448,0.3,70.69,969.8,4633.2,0
102.56,0.964,6.5,34.94,1173.8,4005.3,0
102.82,1.089,6.4,54.6,1079.3,8683.9,0
57.22,0.334,3.4,24.04,1071.2,2515.6,0
113.18,0.335,0.7,25.7,1940.8,9670.7,0
85.37,0.151,4.1,79.93,1340.9,9585.6,0
107.85,1.131,3.1,39.6,1587.9,2551.6,0
72.4,1.029,6.8,64.89,2976.9,3545.7,0
112.69,0.764,6.1,68.4,2305.5,8966.0,0
77.24,1.282,3.6,71.48,2887.8,9669.6,0
50.76,1.228,2.2,79.86,1113.6,4490.0,0
113.38,0.919,9.9,34.49,1640.7,3277.9,0
56.39,1.316,4.5,22.42,2020.4,5308.3,0
72.35,0.388,6.9,44.67,968.9,6908.9,0
116.5,0.257,1.4,27.8,809.2,2807.4,0
116.54,0.478,4.9,21.35,2275.0,7391.1,0
90.14,0.18,0.3,41.63,2212.0,611.4,0
94.23,0.844,5.1,67.02,1703.7,588.0,0
81.39,1.411,9.6,53.97,1877.2,3924.2,0
70.52,0.155,3.8,38.77,1714.0,3599.4,0
73.01,0.271,0.4,59.26,852.8,3224.8,0
97.08,0.733,0.3,33.92,1537.8,4961.1,0
102.67,1.407,3.9,20.86,1189.6,3275.3,0
105.41,0.543,1.6,65.86,1016.5,2003.4,0
105.27,0.81,0.2,57.42,2904.8,3163.7,0
56.38,0.158,7.6,65.74,2118.6,9751.6,0
84.61,0.308,4.6,22.34,2403.0,4170.0,0
54.03,1.481,2.9,70.23,1493.8,4502.7,0
88.47,1.451,9.0,57.17,1664.9,5807.8,0
80.91,0.107,1.2,53.8,1321.2,9835.1,0
112.14,1.433,9.6,57.48,1013.3,2491.9,1
74.56,0.995,3.1,71.87,1193.9,6844.7,0
58.19,1.315,8.9,55.22,2554.5,7188.2,0
60.01,0.737,6.0,54.86,2290.6,6112.5,0
103.31,0.822,8.3,79.44,2003.2,976.9,0
93.28,0.784,9.8,65.4,1845.2,6801.0,0
57.08,1.034,2.9,46.54,2829.4,734.5,0
55.89,0.296,9.6,62.44,960.0,6001.8,0
99.07,0.142,3.9,43.35,1417.3,7421.9,0
55.09,0.531,3.9,33.73,1569.9,2188.6,0
107.53,1.087,3.4,55.81,2521.3,8432.1,0
99.44,0.383,5.4,75.69,2983.5,400.5,0
55.69,1.043,1.5,75.75,1329.5,8453.7,0
55.94,1.458,5.5,40.51,2723.5,4657.3,0
119.06,0.231,5.4,51.66,2627.4,2254.1,0
76.2,1.042,7.6,32.7,1294.2,1424.4,0
75.94,0.721,8.3,79.74,1678.5,9537.7,0
106.9,1.315,4.4,78.87,1701.3,819.4,0
116.31,0.348,3.0,58.97,2952.1,2071.0,0
119.02,1.07,2.6,68.26,1198.0,3543.4,0
102.74,1.273,1.9,62.91,2558.1,6240.3,0
76.34,1.422,0.6,55.59,1535.2,5493.5,0
55.85,1.057,3.4,23.2,2407.9,1343.9,0
104.4,0.796,2.7,47.29,1724.0,2968.3,0
89.09,0.965,9.7,60.49,2072.4,2463.6,0
79.7,1.316,5.6,60.65,2631.7,2214.1,0
113.44,0.899,3.5,42.39,2569.2,4170.3,0
57.78,0.143,5.8,76.5,2706.1,7069.9,0
84.48,1.403,1.4,30.04,931.2,2252.8,0
50.79,1.065,4.4,50.02,2322.5,3730.1,0
82.81,1.047,6.3,61.45,1108.0,3970.1,0
53.94,0.402,4.9,61.83,1714.8,9766.9,0
58.32,1.022,4.0,58.92,2006.9,9551.2,0
58.23,0.651,9.9,36.52,1686.0,8021.4,0
95.44,1.012,8.8,29.37,1943.1,2492.4,0
102.22,0.249,6.2,58.16,2992.4,773.6,0
90.84,1.021,5.7,55.96,1097.5,3237.4,0
117.35,1.499,6.2,30.76,2286.0,2741.3,0
76.24,0.167,2.0,62.31,1671.2,5108.7,0
70.0,1.468,4.0,47.31,1092.6,7799.5,0
110.8,0.67,0.4,60.07,1149.2,8597.4,0
65.65,1.319,4.8,70.24,2888.4,8464.2,0
117.43,1.195,5.4,30.18,2735.1,3660.8,0
50.85,0.894,2.3,21.15,2795.5,6903.6,0
117.89,1.134,9.6,66.75,2981.4,3197.1,1
53.02,1.33,9.1,56.58,1258.3,703.0,0
112.38,0.666,7.2,61.98,1582.0,7045.5,0
86.94,0.558,5.3,70.29,2272.3,197.3,0
119.51,1.035,8.7,68.17,1864.4,4150.9,1
55.17,1.231,1.3,77.66,1720.5,3360.9,0
88.77,1.167,7.9,52.16,1587.2,6964.4,0
117.85,1.217,1.2,49.31,2106.3,7685.8,0
86.62,0.71,7.9,44.11,2066.3,3110.5,0
94.06,1.245,2.8,29.22,1155.2,8135.1,0
98.7,0.268,8.8,54.36,1837.8,3009.8,0
81.82,0.862,9.4,36.62,2017.6,4518.6,0
93.93,0.108,1.5,75.28,2054.6,7297.5,0
90.9,0.554,4.6,54.99,1262.2,6959.9,0
113.08,0.613,9.8,55.57,2433.0,9874.9,0
53.18,0.655,4.8,41.3,855.4,2329.1,0
69.67,1.074,8.6,23.12,1580.6,6656.9,0
116.53,0.644,5.9,21.9,2516.5,6135.9,0
112.32,0.728,3.8,45.4,2040.6,9159.5,0
81.9,0.433,2.9,25.07,1374.6,1648.0,0
93.41,0.623,2.0,56.41,2328.9,7542.8,0
69.42,0.418,7.6,72.86,2048.3,5725.9,0
63.17,0.202,3.9,72.97,2551.7,2819.2,0
82.46,0.945,5.1,59.54,2417.1,4796.9,0
74.73,1.035,4.9,32.67,2142.2,3404.4,0
90.86,0.967,5.8,71.78,1874.0,5835.2,0
55.44,0.749,8.7,73.17,1093.0,8901.1,0
118.21,0.632,9.8,31.8,1374.9,5736.1,0
119.03,1.309,4.1,64.25,1722.0,6354.1,0
98.87,0.827,8.3,37.19,2118.5,5235.6,0
87.53,0.771,7.6,68.16,1930.2,606.5,0
71.67,0.136,5.7,79.83,1434.0,2405.3,0
106.97,0.578,9.6,21.8,814.2,4970.8,0
97.93,0.632,2.0,73.84,1891.7,3171.3,0
61.38,0.658,1.1,57.36,1428.4,1899.5,0
113.76,0.912,8.5,78.4,2416.1,5090.9,0
107.58,0.847,4.4,47.9,852.7,3295.8,0
116.49,0.951,8.5,70.84,2086.6,2655.3,0
100.8,1.171,8.9,23.74,2871.2,4693.5,1
92.94,1.238,0.6,40.12,1183.7,1419.5,0
79.28,1.105,8.8,24.02,1837.6,9284.7,0
115.29,1.438,4.5,78.52,1001.1,8690.3,0
110.62,0.126,5.1,69.02,2176.5,7105.4,0
53.17,0.374,6.3,71.15,2011.2,1151.5,0
51.85,0.111,9.3,76.28,1696.2,7781.2,0
76.35,1.006,0.2,25.11,1947.0,8098.8,0
106.74,1.357,4.8,43.14,2772.5,7700.9,0
119.11,0.441,6.9,24.26,1231.8,1228.3,0
60.53,1.398,7.2,32.65,849.6,6474.7,0
91.59,0.184,6.9,33.76,2695.7,8359.8,0
76.66,1.408,1.3,48.15,2069.7,5815.8,0
117.89,0.592,3.0,36.11,2759.4,6499.4,0
108.95,0.242,3.6,26.06,2113.3,4637.8,0
108.68,0.78,8.0,30.05,2582.4,5334.2,0
82.81,0.459,2.8,28.84,1745.3,440.3,0
79.04,0.499,2.1,78.38,2449.7,6425.7,0
69.14,0.53,9.6,65.56,2808.7,906.3,0
53.95,1.224,0.1,78.07,2058.7,4406.6,0
110.53,0.855,10.0,46.38,1197.7,2997.3,0
106.9,0.536,6.8,36.7,1391.4,5499.7,0
119.98,0.954,8.3,67.9,1237.0,1420.8,0
119.76,1.103,2.9,39.58,1343.1,6947.3,0
88.88,0.482,0.1,37.96,1474.1,7970.6,0
103.83,0.679,7.4,33.95,2021.3,1717.2,0
116.13,0.271,8.3,27.78,2093.6,1132.7,0
109.48,0.354,7.4,35.39,1738.3,1540.6,0
67.31,1.054,1.4,41.32,2153.9,8783.6,0
81.54,0.354,7.5,60.44,979.5,5329.1,0
59.04,0.835,7.7,23.75,993.1,4725.9,0
116.78,1.093,6.6,32.63,1178.0,1156.4,0
92.43,0.25,7.7,68.54,1939.8,6530.6,0
66.0,0.894,8.5,28.82,1270.8,8693.2,0
97.02,0.459,6.1,40.56,1423.2,8299.0,0
93.27,1.448,0.9,71.88,1680.7,6297.9,0
75.07,0.777,4.9,29.3,2586.1,845.3,0
57.95,1.228,0.8,24.96,830.5,1212.7,0
97.01,0.87,4.1,49.07,2228.6,588.2,0
86.42,0.161,4.1,38.15,2271.5,2649.0,0
104.06,0.986,0.7,53.8,2557.0,1443.0,0
86.41,1.432,3.5,68.23,2852.1,2674.5,0
109.65,0.942,1.1,28.23,844.3,3912.1,0
88.63,1.247,8.1,54.84,1138.3,9435.5,0
89.27,1.338,9.5,50.33,2749.6,6142.7,0
111.37,0.419,0.7,28.64,1808.7,8366.2,0
78.24,0.397,9.6,57.44,2042.1,7132.5,0
59.38,0.955,5.2,36.42,2258.7,1213.8,0
52.01,0.675,3.0,49.27,2293.9,7385.6,0
102.86,1.276,0.8,24.94,2849.8,2823.5,0
93.42,1.36,5.0,47.58,2993.3,6427.2,0
99.29,0.595,7.9,38.39,2384.3,3475.5,0
64.91,0.432,7.1,69.34,1431.9,9977.0,0
59.55,1.193,0.5,23.42,2735.5,2709.2,0
51.02,0.485,0.7,45.12,908.3,2863.4,0
74.54,1.252,4.0,47.51,1308.4,9313.7,0
91.29,0.693,3.0,63.5,2774.2,344.0,0
77.46,1.035,2.3,54.46,1363.6,6997.2,0
80.62,0.234,2.8,60.03,1285.4,7280.7,0
113.29,0.973,8.0,66.62,1103.9,8380.1,0
74.38,0.732,9.3,71.73,2690.0,9746.9,0
85.98,0.921,4.1,38.83,1900.1,9758.5,0
104.86,0.335,9.1,52.28,2284.8,746.2,0
77.76,1.132,3.2,70.41,1325.9,8236.2,0
93.55,1.308,4.8,79.37,2467.7,6498.5,0
110.37,0.403,2.3,73.37,2472.0,6508.7,0
116.47,0.234,6.4,42.29,1487.7,1370.7,0
60.3,0.133,9.8,31.71,1703.5,6536.9,0
114.86,0.999,6.0,49.36,1261.3,9826.6,0
84.45,0.95,3.6,64.5,2948.4,9127.0,0
68.08,0.865,6.5,49.55,2220.3,4447.4,0
82.14,0.425,1.2,48.99,2856.0,495.5,0
118.6,0.647,8.9,70.29,1467.4,3686.7,0
84.48,0.932,5.0,41.68,2520.2,8281.3,0
73.01,0.795,4.5,71.59,2484.9,7044.8,0
94.34,1.483,5.9,44.41,2321.6,4647.5,0
66.81,0.291,6.2,39.69,2924.4,645.5,0
55.31,1.073,0.7,47.24,1665.8,4326.3,0
59.02,0.666,6.8,65.75,1087.6,4743.3,0
58.96,0.699,2.4,27.56,2277.8,9292.7,0
60.63,1.105,7.1,31.79,2404.5,6446.8,0
59.72,1.069,8.2,77.09,2065.1,3185.4,0
94.86,1.488,8.0,30.53,1255.0,5300.7,0
62.73,0.28,5.5,54.06,1909.8,753.9,0
74.2,0.246,5.2,54.76,1486.8,9728.4,0
112.78,1.114,1.4,49.38,1740.4,3664.6,0
83.18,0.91,7.8,58.68,2219.5,4830.9,0
96.73,0.484,2.7,33.79,2439.5,3617.3,0
62.06,0.211,5.0,53.16,1310.9,6856.9,0
63.46,0.22,2.8,42.33,1691.7,6656.1,0
52.86,1.352,1.3,59.7,1392.2,7181.7,0
61.83,0.369,6.3,28.47,1237.0,2754.6,0
69.5,0.553,0.5,54.25,2523.5,3225.1,0
62.39,0.417,7.5,31.12,2800.4,1340.0,0
56.21,0.597,3.2,36.72,1614.5,6589.5,0
58.44,0.197,0.0,33.12,2452.8,494.0,0
82.25,0.827,5.1,30.97,2773.4,6017.1,0
64.44,0.195,0.5,69.54,2661.5,8710.0,0
75.5,1.22,2.8,37.14,1202.2,8919.2,0
85.24,0.427,7.1,75.63,2903.8,4545.5,0
98.33,0.856,0.6,78.2,1628.7,4647.1,0
52.75,1.332,8.4,54.28,1546.3,862.0,0
105.96,1.011,0.0,28.58,937.3,6740.6,0
93.95,0.846,2.5,42.47,1869.6,8230.5,0
55.72,0.554,7.4,67.86,1039.8,2522.1,0
111.15,0.566,3.2,42.04,1346.8,4270.9,0
114.46,1.037,1.0,25.22,1497.3,8404.5,0
54.28,1.492,3.6,53.41,2579.4,8783.5,0
69.38,1.027,2.7,70.71,2726.1,2507.5,0
106.43,0.881,8.4,67.76,1465.4,5550.6,0
102.38,1.123,3.1,30.51,2689.1,2005.7,0
62.92,0.751,7.9,60.37,2685.9,1108.6,0
64.65,0.184,8.9,33.23,2482.2,9120.1,0
75.93,0.887,4.3,33.09,1122.7,8223.0,0
83.92,1.441,9.1,72.44,2318.7,7624.3,0
93.28,0.345,3.8,34.98,2879.1,582.8,0
75.82,1.066,9.6,35.79,2301.6,8452.9,0
82.38,0.381,0.9,20.04,1529.6,4436.6,0
102.32,0.85,6.9,72.24,1901.3,3489.7,0
52.57,0.235,4.9,67.56,2220.6,5510.1,0
67.67,0.731,3.9,57.64,1923.3,1004.4,0
99.93,1.159,6.3,65.02,1063.9,7590.8,0
112.66,0.587,7.0,29.12,1486.5,5866.1,0
85.82,1.031,0.0,47.5,2565.3,1947.2,0
87.25,1.214,1.7,41.07,2695.1,1963.5,0
57.5,1.398,7.1,25.63,1102.1,1924.1,0
81.32,0.428,6.7,49.17,2895.3,664.3,0
87.28,0.659,9.7,75.24,1523.4,5919.2,0
66.97,0.313,7.6,22.4,2257.1,8419.4,0
68.85,1.489,9.5,37.49,2454.0,273.2,0
76.41,1.398,7.0,32.45,2586.3,585.1,0
51.4,0.856,3.0,34.29,2880.6,5770.4,0
72.55,1.279,1.1,74.51,1488.4,8213.0,0
64.8,0.829,7.8,48.08,2688.7,3334.7,0
72.92,0.973,6.4,47.98,1089.7,3561.2,0
58.38,0.225,0.5,65.63,2351.1,6003.8,0
112.34,1.157,3.6,29.27,2432.4,2814.7,0
91.55,0.279,9.6,49.24,2291.0,363.4,0
97.54,1.256,5.0,45.8,1355.1,7378.8,0
105.24,1.195,4.3,55.81,2720.7,6293.9,0
84.89,1.092,4.6,79.97,1171.5,5849.5,0
56.08,0.151,2.1,66.17,918.0,7442.7,0
87.6,0.524,3.7,43.87,2378.4,6784.8,0
91.08,0.468,3.7,69.65,1846.0,2138.2,0
102.18,0.604,0.5,30.24,2668.0,3589.6,0
80.22,0.223,7.7,21.83,1643.5,1348.5,0
58.93,1.412,4.2,32.27,1170.2,1385.6,0
69.86,0.875,8.2,40.42,2640.2,6794.3,0
75.42,0.528,8.5,50.63,2007.6,8600.1,0
95.21,0.656,2.1,56.91,1216.2,9631.1,0
89.95,0.726,6.6,74.64,2384.8,6320.6,0
74.93,0.941,4.7,50.59,1924.5,1922.6,0
119.06,0.822,8.8,50.08,2129.5,1145.9,0
92.4,1.387,2.2,23.01,1814.0,8147.2,0
66.61,0.796,6.8,22.09,2623.2,5829.7,0
57.12,1.489,6.1,53.07,2625.0,6221.0,0
60.7,1.292,3.0,46.29,2360.7,7836.5,0
67.22,0.392,1.4,70.35,1031.9,7062.4,0
61.25,1.403,6.5,29.64,2645.5,8361.1,0
63.06,0.263,7.4,21.5,2276.2,656.5,0
69.96,1.244,3.2,46.94,2333.5,7500.5,0
62.14,0.633,6.4,34.25,1598.6,8523.4,0
112.77,1.329,4.0,22.98,2734.4,2932.7,0
55.62,1.315,7.1,63.48,2395.8,6440.4,0
86.72,1.228,2.0,26.7,1047.7,3210.2,0
78.73,1.206,8.9,56.5,1697.1,9583.9,0
118.77,0.527,2.9,36.86,2750.0,430.9,0
57.84,0.213,3.7,30.41,903.8,5839.9,0
77.85,0.664,0.6,42.79,2915.1,1748.4,0
117.86,0.343,1.1,68.09,2294.2,7151.0,0
110.59,1.073,5.2,43.53,2189.0,1841.3,0
107.2,0.585,2.7,65.05,1395.2,2430.3,0
68.05,1.466,8.4,27.53,1347.3,4994.3,0
61.96,0.997,0.1,66.37,2872.5,9156.9,0
96.81,1.251,3.8,34.22,1456.2,2196.0,0
115.06,0.286,3.4,60.64,2506.1,1528.0,0
88.97,1.307,0.2,53.95,1664.9,7613.9,0
90.01,1.392,1.2,75.75,1106.4,5056.1,0
69.6,0.782,4.1,43.24,823.6,9126.7,0
103.86,0.949,4.9,23.97,1997.4,1551.5,0
63.09,1.171,4.0,21.15,2946.7,6494.7,0
72.66,0.345,5.3,69.61,1612.1,2405.5,0
79.78,0.804,6.0,51.48,1585.8,1651.9,0
85.53,0.658,0.1,66.51,1557.0,6866.0,0
66.97,0.305,4.6,34.07,1945.2,5977.5,0
58.04,0.615,9.6,40.71,1769.5,7572.8,0
92.74,0.195,5.2,21.81,2735.8,3163.7,0
70.2,0.136,6.8,77.69,1912.1,4534.9,0
90.69,0.289,3.1,60.07,1917.1,4114.2,0
60.81,1.448,7.7,75.99,1104.4,9842.5,0
83.68,0.869,7.7,35.93,2962.0,2993.3,0
87.28,1.452,5.2,56.69,1349.9,3018.7,0
53.63,0.705,9.8,60.71,961.4,3610.0,0
73.56,0.537,1.3,39.05,2258.9,5689.5,0
59.41,0.809,0.2,70.89,2109.8,2598.0,0
54.44,0.715,7.7,76.83,1713.3,9161.4,0
119.3,0.248,8.1,73.09,1728.8,2730.3,0
72.56,0.997,1.2,64.34,2527.1,8968.6,0
106.69,0.402,2.7,36.65,1230.6,1124.4,0
67.82,0.967,0.2,36.9,2604.6,6600.0,0
97.71,1.01,2.9,77.8,2227.2,9079.2,0
103.22,0.313,7.7,20.62,1721.7,1770.6,0
91.69,0.186,5.2,62.96,1807.7,9686.4,0
83.01,1.193,3.5,62.37,1364.6,4583.5,0
78.83,0.744,3.7,57.36,2454.7,9462.6,0
74.42,0.181,0.0,79.41,1928.3,6800.5,0
115.07,1.493,3.0,38.71,1505.9,3085.7,0
108.14,0.181,6.5,40.4,2111.3,1964.2,0
117.55,1.073,9.7,24.74,2990.6,3107.0,1
58.7,1.477,8.5,46.57,1757.6,1020.9,0
101.16,0.435,0.2,35.66,2825.5,1524.3,0
115.68,0.299,9.0,40.6,1559.0,1136.1,0
62.69,0.27,7.8,70.07,920.4,4287.1,0
54.65,0.525,7.8,76.13,1249.3,7976.2,0
101.88,0.241,4.6,31.14,1721.1,1499.7,0
90.21,1.069,4.0,42.35,1283.2,1390.2,0
108.93,0.187,3.0,75.72,800.5,6469.9,0
59.78,0.813,0.7,23.71,2813.0,2052.1,0
105.67,1.495,2.3,25.54,2656.5,1066.3,0
64.11,1.24,2.5,29.77,2433.0,1751.8,0
61.46,0.961,4.8,55.71,1169.2,9244.9,0
61.5,0.529,7.5,29.03,1064.8,8232.6,0
107.02,0.973,4.7,78.08,948.7,3605.2,0
96.56,0.838,0.6,46.8,2392.9,6592.6,0
86.61,0.697,9.6,50.09,2843.4,5419.0,0
75.12,0.283,9.4,34.8,1747.2,6803.5,0
111.4,1.341,7.9,48.26,1062.1,6858.4,1
77.47,0.73,9.9,59.71,1927.3,6324.5,0
107.16,0.372,5.4,65.07,1567.4,2734.4,0
80.74,0.615,9.6,65.23,1624.6,486.2,0
76.39,0.68,0.8,54.67,2166.9,4610.1,0
82.39,1.259,3.7,74.26,2381.2,8920.6,0
71.1,1.127,2.3,69.04,1043.3,5738.0,0
102.33,1.177,2.0,65.42,878.3,8340.7,0
85.19,0.115,1.4,23.34,2987.5,9917.1,0
66.25,0.683,6.2,20.41,1312.0,1719.8,0
112.97,0.774,7.8,32.75,918.4,6948.6,0
76.87,0.127,5.8,59.81,1217.7,6775.5,0
88.05,0.464,1.5,44.67,885.7,9801.6,0
113.45,1.164,8.1,44.14,1662.0,9857.4,1
93.7,0.292,6.4,73.08,2565.3,6898.1,0
58.18,0.849,3.9,73.73,1550.7,2511.8,0
115.79,0.401,6.7,74.55,1777.2,8005.7,0
93.94,0.117,2.6,38.83,2286.3,1159.6,0
73.44,0.438,3.5,61.46,1919.6,7828.9,0
59.75,1.466,9.2,36.3,2695.2,9110.9,0
105.58,1.222,2.9,31.44,2705.3,3890.1,0
93.41,1.443,4.7,31.08,821.8,6343.3,0
87.34,0.783,8.9,40.53,2511.7,4358.4,0
112.57,0.254,7.1,45.8,1813.6,4433.9,0
105.2,0.867,0.6,69.86,2975.4,3172.7,0
60.62,0.736,1.5,27.19,1863.1,7645.1,0
71.82,1.282,0.1,64.1,2971.2,9368.1,0
67.39,0.237,6.3,51.89,2460.1,9413.4,0
102.08,0.784,4.5,37.28,1346.9,1830.3,0
52.35,0.31,1.3,49.57,1984.5,8760.0,0
89.89,0.555,9.6,38.0,2982.7,7400.6,0
103.37,1.132,5.3,55.76,2686.6,2603.1,0
111.37,0.766,2.4,46.03,1014.2,766.1,0
73.95,0.626,5.0,29.86,2354.0,2753.2,0
107.49,0.652,6.8,26.99,1560.3,9130.9,0
57.74,0.743,0.8,52.8,815.4,6368.5,0
109.25,1.199,2.7,74.14,1687.7,7238.4,0
58.92,1.349,8.1,40.64,1316.5,2645.8,0
77.81,1.437,4.6,63.98,2601.5,7221.9,0
105.81,1.202,5.5,59.52,1542.1,378.4,0
60.49,0.542,4.3,75.89,2620.6,3815.7,0
66.05,1.063,0.4,69.26,801.3,6304.9,0
100.56,0.713,1.7,54.0,1477.2,1546.4,0
100.4,0.457,4.5,59.42,1330.6,8247.7,0
94.88,1.277,2.1,73.9,1313.8,2426.8,0
98.58,0.154,0.5,43.97,950.0,6557.6,0
87.99,1.362,8.4,39.61,1211.7,4111.5,0
67.63,0.746,9.8,20.65,2022.2,6000.8,0
74.2,0.992,7.9,69.59,1441.0,1163.8,0
62.71,1.023,8.5,68.06,1718.3,267.4,0
113.59,1.353,2.4,26.27,1629.1,9104.7,0
90.84,0.991,9.6,54.61,2727.0,2769.3,0
78.06,0.96,2.0,47.84,2791.7,8214.8,0
82.34,0.193,9.5,27.12,1884.5,9993.6,0
116.31,0.826,9.9,78.83,1526.3,2193.2,0
60.73,0.31,7.1,32.88,1035.0,2725.2,0
91.04,1.132,9.8,24.03,2897.5,6662.3,0
85.41,0.817,5.7,55.69,932.5,9657.9,0
92.8,1.052,2.6,64.33,1454.8,9166.6,0
51.27,0.158,4.4,21.95,1455.7,5078.5,0
111.05,0.219,5.9,59.52,1504.9,7971.6,0
115.25,1.103,0.7,51.94,1161.4,1443.9,0
89.56,0.201,6.2,26.2,2523.0,9776.6,0
98.77,0.2,9.8,30.35,1069.5,9647.1,0
114.57,0.117,1.9,54.08,2196.8,1720.9,0
99.51,1.439,7.9,37.78,1072.5,3064.3,0
60.68,1.133,9.1,76.3,955.2,1091.5,0
90.34,0.595,9.4,69.12,2800.7,2790.0,0
92.47,0.515,9.6,79.01,1218.3,8178.0,0
79.69,0.59,5.2,35.58,2606.8,3845.3,0
101.55,1.185,9.8,78.18,1998.2,975.1,1
115.41,1.026,7.6,45.87,971.3,3488.0,1
114.79,0.359,1.6,40.85,2902.0,9815.7,0
81.56,0.344,4.8,23.02,1343.3,6333.9,0
57.93,0.238,7.2,23.17,2691.2,4220.0,0
118.94,1.024,2.5,61.52,1171.4,1748.7,0
108.72,1.17,6.4,47.48,2678.7,9863.2,0
58.73,0.471,6.7,33.59,829.1,8226.4,0
114.46,0.129,1.6,56.84,1925.9,2886.6,0
110.89,0.215,5.7,35.17,2492.8,793.7,0
86.32,1.455,7.7,54.66,2856.6,660.6,0
91.39,0.514,5.0,41.55,2800.2,1291.7,0
77.93,1.177,0.1,69.41,2603.2,5849.6,0
53.83,0.975,0.1,69.24,2754.0,9294.8,0
73.46,0.635,3.6,48.64,1238.3,5017.8,0
106.2,0.388,9.3,41.05,1425.2,8445.2,0
50.32,0.27,2.3,41.75,1435.7,4514.3,0
73.34,0.961,6.3,68.34,1629.5,7115.0,0
77.87,1.184,2.2,39.69,1665.3,7345.5,0
87.62,1.001,3.2,32.54,1998.0,1822.2,0
114.39,0.842,8.5,25.08,1151.7,3676.0,0
74.24,0.159,7.3,48.0,2320.7,6409.3,0
74.29,1.456,1.0,48.93,1168.6,799.9,0
101.63,1.218,4.3,70.45,1482.7,3679.2,0
81.66,0.51,0.3,33.27,1907.4,5394.5,0
65.72,1.472,4.8,42.86,2552.2,9962.6,0
81.67,0.943,6.6,68.5,2426.8,4797.9,0
59.86,0.915,1.2,69.42,2220.2,8179.0,0
62.35,1.147,2.9,43.08,1142.7,4377.5,0
84.89,1.236,4.0,47.55,2003.5,7984.3,0
79.32,1.019,9.2,38.2,992.4,5994.6,0
114.04,0.279,9.9,75.95,1630.2,8877.3,0
75.37,0.574,0.4,27.12,1709.7,4168.3,0
90.64,1.399,7.6,76.02,887.6,6082.6,0
94.26,0.414,3.7,61.03,1402.8,6337.2,0
50.92,0.621,3.9,51.89,2902.4,4232.1,0
96.45,0.705,7.5,21.96,2898.0,1528.7,0
62.46,0.715,9.2,48.54,1575.1,1026.2,0
117.27,0.958,9.5,44.46,894.8,265.0,0
60.41,1.42,5.8,29.67,1194.0,8748.0,0
79.02,0.437,3.6,59.38,1662.9,2441.1,0
55.97,0.27,7.9,78.27,2885.1,2193.9,0
119.78,0.376,2.5,53.73,1110.6,7386.8,0
85.15,1.342,5.6,62.89,2479.7,3268.2,0
91.68,1.004,3.6,24.11,1039.1,5109.8,0
54.7,0.5,6.6,45.06,2958.8,1708.9,0
102.5,1.242,2.4,26.98,1639.6,9601.5,0
64.69,1.306,1.9,56.77,2505.5,8530.7,0
112.86,1.285,9.2,76.31,1553.7,8651.5,1
64.36,1.386,1.0,59.71,2180.9,4127.1,0
63.35,0.453,5.1,24.61,1222.4,7647.4,0
52.56,1.157,2.2,41.28,1121.2,1524.4,0
83.04,0.745,0.4,53.04,2863.7,185.3,0
89.54,1.279,0.4,44.19,2818.8,297.7,0
54.6,1.12,1.8,70.02,2752.4,5907.4,0
104.29,1.187,8.7,68.88,2176.0,4608.4,1
81.73,1.019,2.8,56.71,2578.2,5228.4,0
86.71,0.348,9.5,42.41,951.9,173.9,0
80.85,0.863,5.8,35.32,1536.5,4284.6,0
78.05,1.479,4.4,26.35,1490.1,7208.9,0
89.17,1.412,5.8,41.29,2198.4,4482.7,0
60.87,0.16,5.2,44.79,1583.1,7349.0,0
62.73,0.331,7.6,60.55,1126.7,2406.9,0
110.32,0.284,2.8,59.49,2112.2,8150.1,0
116.23,1.116,3.5,24.21,2591.6,5925.5,0
76.13,1.245,8.9,43.72,1640.7,2186.6,0
68.95,0.399,9.5,30.91,1091.0,2443.5,0
95.08,0.808,8.9,29.41,1232.7,6317.5,0
78.61,1.277,4.2,69.64,1322.5,8316.4,0
51.78,1.126,7.8,22.51,1459.8,4214.7,0
60.93,0.859,4.8,45.15,2214.1,2657.2,0
100.12,0.926,5.0,30.09,2122.1,8683.4,0
96.12,0.812,2.0,72.76,2331.4,6725.8,0
51.9,0.517,5.9,53.42,1597.5,4536.0,0
65.54,0.891,1.9,33.88,2612.8,4930.2,0
66.18,1.064,3.3,50.15,1249.0,2122.1,0
97.03,1.323,8.6,63.89,1831.9,6305.3,0
51.38,0.991,2.1,77.49,2562.1,3651.6,0
57.29,1.166,0.7,33.23,1196.3,9956.9,0
105.99,0.324,0.7,73.17,1041.7,4853.8,0
62.5,0.746,9.4,76.06,2744.1,4910.3,0
95.69,0.113,5.1,74.99,1554.4,5701.9,0
66.67,0.445,4.1,58.12,2304.5,9175.9,0
56.96,1.117,8.1,57.79,855.8,8028.1,0
67.02,1.489,8.4,44.19,2318.1,4566.2,0
100.56,0.239,3.3,65.14,1495.4,7215.1,0
109.9,0.662,6.9,51.88,922.6,5903.7,0
108.12,1.22,7.7,60.65,2141.6,4974.4,1
77.8,0.386,6.5,45.71,1329.8,2003.9,0
96.77,0.877,1.5,63.89,1651.0,4693.0,0
64.35,1.126,8.8,69.47,977.3,2533.6,0
70.52,0.962,5.4,28.79,1123.8,9156.9,0
112.74,0.363,2.8,69.98,1455.5,3420.5,0
50.91,0.598,4.3,52.42,997.5,9527.4,0
55.99,1.197,0.4,70.68,2803.8,5377.2,0
64.55,0.876,1.3,45.88,813.3,6352.3,0
51.86,0.107,7.7,42.74,1864.5,5475.1,0
62.7,1.165,0.0,74.9,1071.1,1380.9,0
90.81,0.149,4.2,35.07,1476.9,3820.6,0
79.5,1.144,5.2,70.65,2837.3,1081.5,0
112.49,0.383,0.5,49.04,1155.7,6267.2,0
107.22,1.441,9.7,50.85,2924.8,4524.1,1
73.93,0.615,2.3,38.51,1252.7,7802.1,0
68.16,0.558,3.0,54.38,2431.4,2282.7,0
76.58,0.308,3.0,39.51,2002.7,1729.2,0
91.32,0.528,2.3,22.36,2745.9,4122.7,0
68.76,1.327,0.0,36.32,2018.8,9273.2,0
93.69,1.495,7.3,20.38,1976.0,7133.2,0
78.66,0.616,9.7,78.7,1230.0,4247.3,0
88.64,0.728,2.2,77.94,1165.7,5221.0,0
80.53,1.111,6.6,43.71,2816.3,933.7,0
70.61,1.341,7.4,63.7,1521.2,9847.3,0
116.39,0.93,8.5,40.75,1618.6,6697.4,0
103.45,0.648,4.2,60.27,2471.6,2925.5,0
59.81,0.678,3.0,68.33,1545.4,5899.5,0
110.79,1.074,3.3,76.81,2894.5,1183.9,0
84.12,0.105,7.1,44.01,2423.4,9661.8,0
112.62,0.967,8.2,67.0,2114.3,1830.4,0
105.99,0.598,1.8,35.96,2738.0,6515.5,0
79.76,1.212,3.7,79.42,909.1,2530.0,0
51.57,0.23,9.0,21.55,1365.5,7203.9,0
68.81,0.923,8.1,56.21,1823.1,7790.5,0
87.91,0.773,9.8,59.57,1299.4,6766.9,0
94.34,0.999,7.5,61.28,2436.6,6183.5,0
68.05,0.191,3.9,27.22,2822.3,8935.4,0
59.75,0.912,5.9,76.31,1732.3,878.4,0
108.45,0.886,6.6,30.87,1552.7,3376.1,0
118.91,0.885,0.8,57.37,2915.4,2558.0,0
86.8,0.945,5.4,33.36,1778.7,9881.3,0
62.02,1.047,7.1,38.43,1875.9,3955.0,0
69.06,1.227,1.7,52.79,1573.6,7352.9,0
51.29,0.478,7.8,45.03,2801.0,6878.8,0
114.0,1.255,5.8,29.61,2051.7,2199.6,0
58.24,0.798,9.5,30.26,2476.8,2466.1,0
90.36,0.208,0.4,45.09,2586.0,2884.7,0
69.18,0.182,2.7,65.44,1552.1,4170.2,0
88.79,0.568,6.0,73.88,1754.1,2419.8,0
95.6,1.199,3.0,25.05,2666.6,294.5,0
108.08,1.091,7.1,43.59,1599.2,8806.0,1
64.45,1.204,7.6,26.01,2546.7,9659.5,0
50.77,0.824,1.0,21.0,2870.2,3481.5,0
59.58,0.716,5.1,59.7,2171.1,3451.2,0
113.0,0.306,5.1,56.15,2431.6,170.2,0
111.17,0.559,3.7,29.78,2571.2,6834.5,0
91.82,0.708,9.3,34.03,2659.1,8271.9,0
92.04,0.224,8.3,21.42,1669.1,1551.4,0
96.55,0.409,7.0,70.1,912.8,1680.7,0
62.28,0.938,7.1,78.48,1684.1,7921.8,0
114.01,1.13,4.6,28.13,2282.3,6201.3,0
79.31,1.498,9.2,33.89,1790.8,544.1,0
76.82,1.406,6.9,72.1,2447.7,6263.2,0
86.32,1.0,7.3,75.59,1585.4,3158.3,0
53.29,0.69,8.6,45.18,2196.4,3750.4,0
61.64,0.991,2.7,23.04,1210.1,7720.3,0
101.66,1.2,8.1,22.36,2448.6,8128.3,1
55.8,0.266,2.0,54.44,2000.5,4063.5,0
92.22,0.674,3.5,43.57,1248.9,9476.8,0
67.17,1.276,3.4,21.72,1442.2,4124.0,0
77.25,0.637,9.8,55.0,2446.9,7741.2,0
70.21,0.901,8.6,20.68,1861.7,4890.4,0
74.9,0.923,7.0,67.24,1275.3,8985.6,0
100.33,0.358,7.3,38.39,2928.0,9086.8,0
70.8,0.607,5.6,22.42,2373.3,965.4,0
89.65,0.568,9.5,55.3,2905.7,9371.3,0
83.32,0.137,5.0,43.86,1739.6,8272.8,0
96.46,0.134,3.8,78.43,1845.2,7934.0,0
115.58,1.264,1.6,52.65,2775.5,2089.0,0
101.28,0.482,7.9,36.51,1955.1,8070.7,0
65.05,0.825,7.3,62.57,2356.0,8516.3,0
52.18,0.518,3.8,36.29,1354.8,2962.6,0
68.36,1.417,0.3,74.25,1782.8,9527.4,0
91.66,0.463,8.4,42.48,1071.6,593.6,0
53.6,0.702,0.1,52.99,1253.2,1584.1,0
84.75,1.322,7.0,23.03,802.1,5422.1,0
91.78,1.279,9.7,45.57,886.4,5800.3,0
73.4,0.361,4.4,69.94,2950.0,6487.0,0
103.96,1.224,2.3,68.34,1333.2,268.0,0
57.46,0.741,7.0,33.46,2259.3,9607.6,0
55.26,0.776,8.2,33.56,2646.0,541.4,0
100.97,0.287,5.5,69.04,2011.5,1516.3,0
84.68,0.213,9.7,75.82,1136.9,238.7,0
98.19,1.119,0.5,25.72,2401.9,5711.9,0
80.44,0.795,5.0,47.0,2120.6,9329.4,0
67.25,0.712,7.2,40.25,2408.8,6692.9,0
107.34,1.121,8.6,72.24,2493.4,8244.3,1
105.96,1.172,1.8,25.01,2945.9,231.5,0
98.63,0.322,8.0,32.67,2061.8,5466.0,0
69.05,0.954,5.5,65.15,1551.6,4649.7,0
91.32,0.289,4.0,23.08,2226.6,5039.8,0
75.27,1.152,1.3,49.55,950.6,814.9,0
56.41,1.02,8.7,46.53,2774.3,6875.9,0
114.21,1.439,1.6,40.06,1062.6,5081.9,0
59.58,0.197,3.1,43.67,1521.3,7675.0,0
116.52,0.18,2.9,51.8,2594.6,4904.4,0
81.22,0.495,8.7,29.68,2114.1,1578.9,0
